nome,descricao_cargo,org_lotacao,data_ingresso_cargofuncao,telefone_1,telefone_2,email_1,endereco_logradouro,endereco_cidade,endereco_uf
JOANA AMARAL ACIOLY,MEDICO RESIDENTE,Comando da Aeron·utica,2025-03-23,85988547610,85997156677,acioly.joana@gmail.com,R  MELO FRANCO,VESPASIANO,MG
ANDERSON WESLEY DE SOUZA DIAS,MEDICO RESIDENTE,Comando da Aeron·utica,2026-03-01,67998254412,,wesley.away@hotmail.com,R  MATIAS JOAO TAVARES,SAO PAULO,SP
ANA CAROLINE APARECIDA TEIXEIRA ROSA,MEDICO RESIDENTE,Comando da Aeron·utica,2026-03-01,67981016878,3436612661,ana.caroline3336@gmail.com,R  OMAR DUMONT FILHO,ARAXA,MG
HYSSAM BRUNETTA HAMIDA,MEDICO RESIDENTE,Comando da Aeron·utica,2026-03-01,65999968559,6530552609,hyssam_b@hotmail.com,R  MINAS GERAIS,PRIMAVERA DO LESTE,MT
GRAZIELLE GOMES FARIA,MEDICO RESIDENTE,Comando da Marinha,2026-03-01,65996229339,6532224044,grazisgomes@yahoo.com.br,AV MAL DEODORO,CUIABA,MT
GUILHERME KUMM AVILA,MEDICO RESIDENTE,Comando da Marinha,2025-03-01,48991198564,48991630443,guilherme.ka@gmail.com,R ALM CARLOS DA SILVEIRA CARNEIRO,FLORIANOPOLIS,SC
GEOVANA REGO TOTTI,MEDICO RESIDENTE,Comando da Marinha,2024-03-01,35991984205,,gegetotti@yahoo.com.br,PC  PINTO DE OLIVEIRA,VARGINHA,MG
JOAO VICTOR WUTKOVESKY ALMADA DE ANGELIS,MEDICO RESIDENTE,Comando da Marinha,2025-03-01,32988976724,21996976724,joaovictorwaa@gmail.com,R  JORGE LOSSIO,TERESOPOLIS,RJ
ANA CLARA CARDOSO BARBOSA,MEDICO RESIDENTE,Comando da Aeron·utica,2026-03-01,32988773841,8232215269,anaclarabarbosa@gmail.com,R STO ANTONIO,JUIZ DE FORA,MG
GUSTAVO MONTEIRO OLIVEIRA,MEDICO RESIDENTE,Comando da Marinha,2025-03-01,31994461907,,oliverasso@gmail.com,R VSC DE CONGONHAS,CONGONHAS,MG
GUILHERME MOTA FERREIRA LEITE,MEDICO RESIDENTE,Comando da Marinha,2024-03-01,31982731029,21991206360,lydia_mota@hotmail.com,R VSC DE INHAUMA,CANOAS,RS
GABRIEL LOURENCO RIBEIRO DOS SANTOS,MEDICO RESIDENTE,Comando da Aeron·utica,2023-03-01,24981295773,,riberlourenco@gmail.com,R  ANTONIO AUGUSTO DE SEQUEIRA,VALENCA,RJ
JULIA REIS DE LUCENA,MEDICO RESIDENTE,Comando da Marinha,2025-03-01,22999938262,,lucenajuliar@gmail.com,R BR DE LUCENA,NOVA FRIBURGO,RJ
ANDERSON FERREIRA BASTOS JUNIOR,MEDICO RESIDENTE,Comando da Aeron·utica,2026-03-02,22998783177,22999296753,anderson-ferreira05@hotmail.com,PC  AMARO DOS SANTOS SILVA,CAMPOS DOS GOYTACAZES,RJ
ILGNER DE SOUZA SANTOS,MEDICO RESIDENTE,Comando da Marinha,2025-03-01,22998400958,22997135263,ilgnersouzasantos@outlook.com,R STA CATARINA,SAO PEDRO DA ALDEIA,RJ
IRIS SALLES GONCALVES PEREIRA NUNES,MEDICO RESIDENTE,Comando da Aeron·utica,2025-03-01,22997480926,,irisfallespn@hotmail.com,R CNSO JOSE FERNANDES,CAMPOS DOS GOYTACAZES,RJ
GIOVANNA HISSA MOTTA,MEDICO RESIDENTE,Comando da Marinha,2025-03-01,22997362286,,giohissa_1@hotmail.com,,,
JULIA ROSA MIRANDA,MEDICO RESIDENTE,Comando da Aeron·utica,2026-03-01,22996081936,22999199921,juliarosamir@gmail.com,MARIA DO ROSARIO RIBEIRO,CASIMIRO DE ABREU,RJ
GLEYSIELE EVANGELISTA COUCEIRO DE SOUZA,MEDICO RESIDENTE,Comando da Marinha,2025-03-01,22992636579,22992665140,evangelistagleysiele126@gmail.com,R  DIRCEU GUIMARAES,SAO PEDRO DA ALDEIA,RJ
GABRIEL SILVA DE OLIVEIRA BERNARDES,MEDICO RESIDENTE,Comando da Marinha,2025-03-01,22981772461,32991502552,gustavo_aguas@hotmail.com,R  QUINZE DE NOVEMBRO,BARBACENA,MG
ANA PAULA BERNARDO DA SILVA,MEDICO RESIDENTE,Comando da Marinha,2025-03-01,22981423410,8131834502,ana_p_bernardo_@hotmail.com,R  QUINZE DE NOVEMBRO,ARARUAMA,RJ
JANAINA JUSTINO DO NASCIMENTO,MEDICO RESIDENTE,Comando da Marinha,2026-03-01,21999993552,21995840970,jjanajnascimento@yahoo.com.br,R DONA IRENE,NOVA IGUACU,RJ
ANANDA PETRUCCI BRAGA MOERBECK REIS,MEDICO RESIDENTE,Comando da Aeron·utica,2024-03-01,21999896932,21997602206,anandapetrucci@hotmail.com,R  PEDRO DE CARVALHO,RIO DE JANEIRO,RJ
ANA CLARA DO AMARAL SOARES,MEDICO RESIDENTE,Comando da Marinha,2024-03-01,21999707050,,soares.anaclaraa@gmail.com,AV  LUCIO MEIRA,TERESOPOLIS,RJ
ISABELA ARONI MELCHIADES,MEDICO RESIDENTE,Comando da Marinha,2026-03-01,21999542208,,isabelamelchiades02@gmail.com,,,
JOAO VITOR MACHADO GISMONDI,MEDICO RESIDENTE,Comando da Marinha,2025-03-01,21999193140,,joaovitorgismond1@hotmail.com,R  JOAO BATISTA,RIO BONITO,RJ
IGOR ANDRADE SANTIAGO DA SILVA,MEDICO RESIDENTE,Comando da Aeron·utica,2025-03-01,21997743887,21994713887,wellisson2_@hotmail.com,,,
GABRIEL DE CARVALHO SASSI,MEDICO RESIDENTE,Comando da Marinha,2026-03-01,21997674469,21996044364,,AV  LUCIO COSTA,RIO DE JANEIRO,RJ
ISABELA LACERDA PYRRHO,MEDICO RESIDENTE,Comando da Aeron·utica,2025-03-01,21997083244,,belapyrrho@gmail.com,R  COSME VELHO,RIO DE JANEIRO,RJ
ISABELLA GEORGES PELOGIA FARAH TRIGO,MEDICO RESIDENTE,Comando da Aeron·utica,2026-03-01,21997060390,,isabellapelogia@hotmail.com,R  CARMELA DUTRA,TERESOPOLIS,RJ
JOAO VITOR DE SOUZA ANDRADE,MEDICO RESIDENTE,Comando da Marinha,2026-03-01,21996132803,,jvitor.souza2001@gmail.com,R SEN VERGUEIRO,RIO DE JANEIRO,RJ
GABRIELLE VILLELA RODRIGUES DE ANDRADE,MEDICO RESIDENTE,Comando da Marinha,2025-03-01,21995828738,21981821192,gabrielledeandrade2013@gmail.com,R  OSCAR SOARES,NOVA IGUACU,RJ
ALICE BERRIEL MENDES,MEDICO RESIDENTE,Comando da Marinha,2024-03-01,21995225693,2132699030,aliceberrielmendes@gmail.com,R DR PAULO CESAR,NITEROI,RJ
IRIS LEITE GOMES,MEDICO RESIDENTE,Comando da Aeron·utica,2026-03-01,21995161671,2226688978,irisgomes15.ig@gmail.com,BRIOLANGE FERREIRA GUIMARAES,RIO BONITO,RJ
GUILHERME ENGUER LAGOEIRO RIBEIRO MARTINS,MEDICO RESIDENTE,Comando da Aeron·utica,2025-03-01,21995128785,21994649662,lagoeirogui@gmail.com,R DR NILO PECANHA,NITEROI,RJ
IGOR CARDOSO CORDEIRO,MEDICO RESIDENTE,Comando da Aeron·utica,2025-03-01,21994248509,,igorccordeiro@hotmail.com,R  BRASILIA,TERESOPOLIS,RJ
ALANA COSTA SANTANA,MEDICO RESIDENTE,Comando da Marinha,2025-03-01,21992449152,,alana_costa20@hotmail.com,R  SIDNEI VASCONCELOS AGUIAR,MACAE,RJ
JESSICA GONCALVES DE MEDEIROS,MEDICO RESIDENTE,Comando da Marinha,2024-03-01,21992292230,2135076187,jessiquinha81@hotmail.com,R  INHARE,RIO DE JANEIRO,RJ
JOAO AYRES DO COUTO NETO,MEDICO RESIDENTE,Comando da Marinha,2023-03-01,21992200372,21993336232,joaoneto1005@hotmail.com,R  CORA FRANCISCO DE CARVALHO,PORTO NACIONAL,TO
ADRIANA DE MOURA LACERDA,MEDICO RESIDENTE,Comando da Aeron·utica,2026-03-01,21990530606,5137378331,dri.lacerda89@gmail.com,R  LUTECIA,RIO DE JANEIRO,RJ
GIOVANNA VIDAL BELO,MEDICO RESIDENTE,Comando da Aeron·utica,2026-03-01,21988647775,,,R MIN OTAVIO KELLY,NITEROI,RJ
ISABELLE MORAES MENDONCA,MEDICO RESIDENTE,Comando da Aeron·utica,2025-03-01,21988350835,21988170717,isabelle.m.mendonca@gmail.com,R  LAERCIO XAVIER DE MENDONCA,SAO GONCALO,RJ
JOYCI ROCHA SANTOS,MEDICO RESIDENTE,Comando da Marinha,2025-03-01,21987648250,,jojo.joycirocha@gmail.com,ARAUCARIA,VALE DO PARAISO,RO
ISABELA GUIMARAES STILBEN,MEDICO RESIDENTE,Comando da Aeron·utica,2025-03-01,21985854745,,isabelastilben94@hotmail.com,AV  ARNALDO LAGE,RIO DE JANEIRO,RJ
JOAO FERNANDO CUNHA RODRIGUES,MEDICO RESIDENTE,Comando da Marinha,2025-03-01,21983850014,,anapaularodrigues11@gmail.com,AV  LUCIO COSTA,RIO DE JANEIRO,RJ
ALINE DE OLIVEIRA DANTAS,MEDICO RESIDENTE,Comando da Aeron·utica,2026-03-02,21983506958,,alinedantas27@yahoo.com.br,R MIN RAUL FERNANDES,RIO DE JANEIRO,RJ
GUSTAVO PEREIRA DOURADO,MEDICO RESIDENTE,Comando da Marinha,2024-03-01,21982248649,2130888746,g.bornellidourado@hotmail.com,R  GEMINIANO GOIS,RIO DE JANEIRO,RJ
ANA CLARA FARIAS SARAIVA,MEDICO RESIDENTE,Comando da Aeron·utica,2026-03-01,21982009980,,anaclara_fs@hotmail.com,R GEN BELEGARDE,RIO DE JANEIRO,RJ
JOSEMAR TAVARES DA SILVA NETO,MEDICO RESIDENTE,Comando da Marinha,2026-03-01,21981764855,2134961744,josemar_neto@hotmail.com,AV  LUCIO COSTA,RIO DE JANEIRO,RJ
GABRIELA DA SILVA GOULART,MEDICO RESIDENTE,Comando da Aeron·utica,2024-03-01,21981657122,21971215157,gabrieladsg@hotmail.com,AV  LUCIO COSTA,RIO DE JANEIRO,RJ
EVA MARCO LIMA,MEDICO RESIDENTE,Comando da Aeron·utica,2025-03-01,21981559032,32991262474,llima_eva@hotmail.com,AV MAL FLORIANO PEIXOTO,CURITIBA,PR
JOAO PEDRO BARCELLOS VEIGA,MEDICO RESIDENTE,Comando da Aeron·utica,2025-03-01,21981038668,,joaopedrobveiga@hotmail.com,EST  FRANCISCO DA CRUZ NUNES,NITEROI,RJ
ANA CAROLINA COUTINHO VEIGA,MEDICO RESIDENTE,Comando da Marinha,2024-03-01,21980840044,21972092557,ana.cveiga@outlook.com,R  DO IMPERADOR,PETROPOLIS,RJ
GUILHERME SOUZA POLICARPO,MEDICO RESIDENTE,Comando da Aeron·utica,2022-03-01,21980538755,6430140424,guipollicarpo@gmail.com,R MAL MASCARENHAS DE MORAIS,RIO DE JANEIRO,RJ
GABRIEL DA SILVA FREY,MEDICO RESIDENTE,Comando da Aeron·utica,2026-03-01,21979967182,21977967182,oinsuportavelcanal@gmail.com,R  JOSE BONIFACIO,RIO DE JANEIRO,RJ
HIGOR DA CONCEICAO SILVA,MEDICO RESIDENTE,Comando da Marinha,2025-03-01,21972614875,,higor42stay@gmail.com,TRV  EPIFANIO QUINTANILHA TRAVESSA,RIO BONITO,RJ
GUILHERME CORDEIRO KRANZFELD,MEDICO RESIDENTE,Comando da Marinha,2026-03-01,21971812184,,guilhermekranzfeld@hotmail.com,AV  LUCIO COSTA,RIO DE JANEIRO,RJ
GABRIEL DE LIMA COELHO LOPES,MEDICO RESIDENTE,Comando da Aeron·utica,2026-03-01,21971051876,2131480080,gabriel.rayori@gmail.com,R  CARAIBA,RIO DE JANEIRO,RJ
JOAO VICTOR COSTA BARRETO BRIGIDO,MEDICO RESIDENTE,Comando da Marinha,2024-03-01,21969797899,83999000514,jvbrigido@gmail.com,R  SANTOS DUMONT,NITEROI,RJ
GABRIELLA DE OLIVEIRA MORAES,MEDICO RESIDENTE,Comando da Aeron·utica,2026-03-01,21969103362,2132817158,gabriellamoraesgm@hotmail.com,R S FRANCISCO XAVIER,RIO DE JANEIRO,RJ
ISABELLE CHRISTINE DE MORAES MOTTA,MEDICO RESIDENTE,Comando da Marinha,2024-03-01,21965710872,21986675299,isabellec.motta@yahoo.com,R  ITAMOTINGA,RIO DE JANEIRO,RJ
JOAO GABRIEL DA SILVEIRA LINS,MEDICO RESIDENTE,Comando da Aeron·utica,2025-03-01,21964170081,,jg2v96@gmail.com,R S CAETANO DO SUL,RIO DE JANEIRO,RJ
HANNA MORENO CANTANO,MEDICO RESIDENTE,Comando da Aeron·utica,2025-03-02,11948610046,1141784458,hannapmoreno@gmail.com,R  BIRMANIA,SAO BERNARDO DO CAMPO,SP
GABRIEL CIA GOMES,MEDICO RESIDENTE,Comando da Aeron·utica,2026-03-01,4730412167,,gabrielgomescia@gmail.com,R S PAULO,BLUMENAU,SC
ANA GASPAR DE OLIVEIRA SANTOS,MEDICO RESIDENTE,Comando da Aeron·utica,2023-03-01,2126080150,,anaagaspar@gmail.com,R  ALVARO MONTEIRO DE CARVALHO,NITEROI,RJ
JULIA DOS SANTOS CABRAL VIEIRA,MEDICO RESIDENTE,Comando da Marinha,2022-03-01,2122694613,,juliascvieira23@gmail.com,R TEN FRANCA,RIO DE JANEIRO,RJ
ANA CLARA ARIDI DE SOUZA,MEDICO RESIDENTE,Comando da Marinha,2024-03-01,2121866312,,cacala_aridi@hotmail.com,R  JOAO MACHADO PAES BARRETO,CACHOEIRO DE ITAPEMIRIM,ES
JESSICA MOSELLO,MEDICO RESIDENTE,Comando da Aeron·utica,2026-03-01,1138845007,1155712504,giuseppe.mosello@hotmail.com,R ALF ANGELO SAMPAIO,CURITIBA,PR